AppID,Name,Description,Type,Required_Age,Recommendations,Is_Free,Discount,Price,Coming_Soon,Release_Date,Full_AppID,Image_Link
730,Counter-Strike 2,"For over two decades, Counter-Strike has offered an elite competitive experience, one shaped by millions of players from across the globe. And now the next chapter in the CS story is about to begin. This is Counter-Strike 2.",game,0,4639377.0,True,0,,False,2012-08-21,,https://shared.akamai.steamstatic.com/store_item_assets/steam/apps/730/header.jpg?t=1749053861
570,Dota 2,"Every day, millions of players worldwide enter battle as one of over a hundred Dota heroes. And no matter if it's their 10th hour of play or 1,000th, there's always something new to discover. With regular updates that ensure a constant evolution of gameplay, features, and heroes, Dota 2 has taken on a life of its own.",game,0,14361.0,True,0,,False,2013-07-09,,https://shared.akamai.steamstatic.com/store_item_assets/steam/apps/570/header.jpg?t=1757000652
578080,PUBG: BATTLEGROUNDS,"PUBG: BATTLEGROUNDS, the high-stakes winner-take-all shooter that started the Battle Royale craze, is free-to-play! Drop into diverse maps, loot unique weapons and supplies, and survive in an ever-shrinking zone where every turn could be your last.",game,0,1746209.0,True,0,,False,2017-12-21,,https://shared.akamai.steamstatic.com/store_item_assets/steam/apps/578080/841ea38bc58cabb70aef65365cf50bc2d79329d9/header.jpg?t=1758255634
1172710,Dune: Awakening,"Rise from survival to greatness and challenge the power of an Imperium in Dune: Awakening, a multiplayer survival game on a massive scale. Survive the sandworm, craft your ornithopter, build a home, and ascend to power on an open world Arrakis shared with hundreds of other players.",game,17,53127.0,False,0,49.99,False,2025-06-10,,https://shared.akamai.steamstatic.com/store_item_assets/steam/apps/1172710/e934cbd04b40a615b3306797bd7be76610904f0e/header.jpg?t=1761028345
3419430,Bongo Cat,"Bongo cat needs your help. Bongo cat needz more hatz!!! Every time you press a key, Bongo cat will punch your taskbar. Type, click, play, work to collect more points. Which hats will you find?",game,0,,True,0,,False,2025-03-05,,https://shared.akamai.steamstatic.com/store_item_assets/steam/apps/3419430/2e6c93c020fe13d09d8120bb9164ed7cb58f00c5/header.jpg?t=1759317272
238960,Path of Exile,"You are an Exile, struggling to survive on the dark continent of Wraeclast, as you fight to earn power that will allow you to exact your revenge against those who wronged you. Path of Exile is an online Action RPG set in a dark fantasy world. The game is completely free and will never be pay-to-win.",game,0,1037.0,True,0,,False,2013-10-23,,https://shared.akamai.steamstatic.com/store_item_assets/steam/apps/238960/ca612c5e33f8705754dcb89ddb465a6b364d0cb1/header.jpg?t=1761681686
252490,Rust,"The only aim in Rust is to survive. Everything wants you to die - the island’s wildlife, other inhabitants, the environment, and other survivors. Do whatever it takes to last another night.",game,0,1041252.0,False,0,39.99,False,2018-02-08,,https://shared.akamai.steamstatic.com/store_item_assets/steam/apps/252490/header.jpg?t=1761667247
359550,Tom Clancy's Rainbow Six® Siege X,"Rainbow Six Siege X is the reference in tactical team shooters, where elite strategy and execution triumph. Enjoy free access to Quick Match, Unranked and Dual Front game modes with a selection of operators.",game,17,1212540.0,True,0,,False,2015-12-01,,https://shared.akamai.steamstatic.com/store_item_assets/steam/apps/359550/d4c93f2ebb31d6d16b1ae752b46947725e6f8aa7/header_alt_assets_15.jpg?t=1761754022
2622380,ELDEN RING NIGHTREIGN,"ELDEN RING NIGHTREIGN is a standalone adventure within the ELDEN RING universe, crafted to offer players a new gaming experience by reimagining the game’s core design.",game,17,97183.0,False,0,39.99,False,2025-05-29,,https://shared.akamai.steamstatic.com/store_item_assets/steam/apps/2622380/header.jpg?t=1753977256
2923300,Banana,"Banana is a clicker Game, in which you click a Banana! In Banana you click the Banana to gain even more Bananas! Every 3 hours, you get dropped a banana. Each banana is also made by the community in discord. Come hang out with us and let's grow into something awesome !",game,0,,True,0,,False,2024-04-23,,https://shared.akamai.steamstatic.com/store_item_assets/steam/apps/2923300/6d550eab6dcbc01a824763edbafa9e439e625d5e/header.jpg?t=1748551280
271590,Grand Theft Auto V Legacy,"Grand Theft Auto V for PC offers players the option to explore the award-winning world of Los Santos and Blaine County in resolutions of up to 4k and beyond, as well as the chance to experience the game running at 60 frames per second.",game,0,1833981.0,False,0,,False,2015-04-13,,https://shared.akamai.steamstatic.com/store_item_assets/steam/apps/271590/header.jpg?t=1753979045
2767030,Marvel Rivals,"Marvel Rivals is a Super Hero Team-Based PVP Shooter! Assemble an all-star Marvel squad, devise countless strategies by combining powers to form unique Team-Up skills and fight in destructible, ever-changing battlefields across the continually evolving Marvel universe!",game,0,,True,0,,False,2024-12-05,,https://shared.akamai.steamstatic.com/store_item_assets/steam/apps/2767030/8b1b7780890abda807fefb7c7550838e122a7b14/header.jpg?t=1760151360
1172470,Apex Legends™,"Apex Legends is the award-winning, free-to-play Hero Shooter from Respawn Entertainment. Master an ever-growing roster of legendary characters with powerful abilities, and experience strategic squad play and innovative gameplay in the next evolution of Hero Shooter and Battle Royale.",game,0,1564.0,True,0,,False,2020-11-04,,https://shared.akamai.steamstatic.com/store_item_assets/steam/apps/1172470/eafea59b59bc43fdfe4c7baeeadf45f26a4872b7/header.jpg?t=1754578148
1086940,Baldur's Gate 3,"Baldur’s Gate 3 is a story-rich, party-based RPG set in the universe of Dungeons &amp; Dragons, where your choices shape a tale of fellowship and betrayal, survival and sacrifice, and the lure of absolute power.",game,17,685771.0,False,0,59.99,False,2023-08-03,,https://shared.akamai.steamstatic.com/store_item_assets/steam/apps/1086940/48a2fcbda8565bb45025e98fd8ebde8a7203f6a0/header.jpg?t=1759825106
3489700,Stellar Blade™,Save humanity from extinction in post-apocalyptic action-adventure Stellar Blade™. Experience blistering combat and a twisting storyline as you unravel the mysteries of Earth’s downfall.,game,17,38152.0,False,0,59.99,False,2025-06-11,,https://shared.akamai.steamstatic.com/store_item_assets/steam/apps/3489700/header.jpg?t=1760065361
1938090,Call of Duty®,"The Call of Duty® experience supports Call of Duty®: Black Ops 7, Call of Duty®: Black Ops 6, and Call of Duty®: Warzone™.",game,17,394127.0,False,0,,False,2022-10-27,,https://shared.akamai.steamstatic.com/store_item_assets/steam/apps/1938090/06107605348820087bb51ca89ed620c22fe559aa/header.jpg?t=1761157741
236390,War Thunder,"War Thunder is the most comprehensive free-to-play, cross-platform, MMO military game dedicated to aviation, armoured vehicles, and naval craft, from the early 20th century to the most advanced modern combat units. Join now and take part in major battles on land, in the air, and at sea.",game,0,1939.0,True,0,,False,2013-08-15,,https://shared.akamai.steamstatic.com/store_item_assets/steam/apps/236390/a0fc3dddb054bb8ccb31ed30019388d4a648c1fd/header.jpg?t=1761756693
2669320,EA SPORTS FC™ 25,"EA SPORTS FC™ 25 gives you more ways to win for the club. Team up with friends in your favourite modes with the new 5v5 Rush, and manage your club to victory as FC IQ delivers more tactical control than ever before.",game,0,85455.0,False,0,69.99,False,2024-09-26,,https://shared.akamai.steamstatic.com/store_item_assets/steam/apps/2669320/ec3fb7747fd8080ef53d7686e0d98c5abe1f51f1/header.jpg?t=1752681627
431960,Wallpaper Engine,Use stunning live wallpapers on your desktop. Animate your own images to create new wallpapers or import videos/websites and share them on the Steam Workshop!,game,0,849956.0,False,0,4.99,False,2018-11-16,,https://shared.akamai.steamstatic.com/store_item_assets/steam/apps/431960/header.jpg?t=1739211362
2252570,Football Manager 2024,Build a world-class team ready to dominate your rivals in football’s most prestigious competitions. Progress never stops when you’re pursuing footballing greatness.,game,0,15084.0,False,0,59.99,False,2023-11-06,,https://shared.akamai.steamstatic.com/store_item_assets/steam/apps/2252570/header.jpg?t=1747383006
553850,HELLDIVERS™ 2,"The Galaxy’s Last Line of Offence. Enlist in the Helldivers and join the fight for freedom across a hostile galaxy in a fast, frantic, and ferocious third-person shooter.",game,18,756644.0,False,0,39.99,False,2024-02-08,,https://shared.akamai.steamstatic.com/store_item_assets/steam/apps/553850/14293cf6c4eeb6959b9333ecd42fcc021a8fc1e3/header.jpg?t=1757033568
221100,DayZ,"How long can you survive a post-apocalyptic world? A land overrun with an infected &quot;zombie&quot; population, where you compete with other survivors for limited resources. Will you team up with strangers and stay strong together? Or play as a lone wolf to avoid betrayal? This is DayZ – this is your story.",game,17,362240.0,False,0,49.99,False,2018-12-13,,https://shared.akamai.steamstatic.com/store_item_assets/steam/apps/221100/header.jpg?t=1757675024
2507950,Delta Force,"Delta Force is back! The iconic series returns as the definitive free-to-play modern team-based tactical shooter and featuring three distinct gameplay modes: large-scale PvP warfare, intense extraction shooter action, and a remake of the legendary Black Hawk Down campaign.",game,0,,True,0,,False,2024-12-04,,https://shared.akamai.steamstatic.com/store_item_assets/steam/apps/2507950/d98b71456e101ccba0391b72f4d202ffe20cdf80/header_alt_assets_5.jpg?t=1760065687
413150,Stardew Valley,"You've inherited your grandfather's old farm plot in Stardew Valley. Armed with hand-me-down tools and a few coins, you set out to begin your new life. Can you learn to live off the land and turn these overgrown fields into a thriving home?",game,0,787722.0,False,0,14.99,False,2016-02-26,,https://shared.akamai.steamstatic.com/store_item_assets/steam/apps/413150/header.jpg?t=1754692865
1366800,Crosshair X,Overlay custom crosshairs on every game you play. Choose from thousands of unique crosshairs created by the Crosshair X community or design your own using the designer.,game,0,32202.0,False,0,4.99,False,2020-08-17,,https://shared.akamai.steamstatic.com/store_item_assets/steam/apps/1366800/22e1a703a4d8f45c900741b53a4f933862798a10/header.jpg?t=1750794599
381210,Dead by Daylight,"Trapped forever in a realm of eldritch evil where even death is not an escape, four determined Survivors face a bloodthirsty Killer in a vicious game of nerve and wits. Pick a side and step into a world of tension and terror with horror gaming's best asymmetrical multiplayer.",game,17,602421.0,False,0,19.99,False,2016-06-14,,https://shared.akamai.steamstatic.com/store_item_assets/steam/apps/381210/header.jpg?t=1760636583
440,Team Fortress 2,"Nine distinct classes provide a broad range of tactical abilities and personalities. Constantly updated with new game modes, maps, equipment and, most importantly, hats!",game,0,43652.0,True,0,,False,2007-10-10,,https://shared.akamai.steamstatic.com/store_item_assets/steam/apps/440/header.jpg?t=1757348372
394360,Hearts of Iron IV,"Victory is at your fingertips! Your ability to lead your nation is your supreme weapon, the strategy game Hearts of Iron IV lets you take command of any nation in World War II; the most engaging conflict in world history.",game,0,252769.0,False,0,49.99,False,2016-06-06,,https://shared.akamai.steamstatic.com/store_item_assets/steam/apps/394360/67bbd0057627fc2244793bcdd09260c2539499cf/header.jpg?t=1759231436
3240220,Grand Theft Auto V Enhanced,"Experience entertainment blockbusters Grand Theft Auto V and Grand Theft Auto Online — now upgraded for a new generation with stunning visuals, faster loading, 3D audio, and more, plus exclusive content for GTA Online players.",game,17,75528.0,False,50,14.99,False,2025-03-04,,https://shared.akamai.steamstatic.com/store_item_assets/steam/apps/3240220/header.jpg?t=1753974947
3241660,R.E.P.O.,"An online co-op horror game with up to 6 players. Locate valuable, fully physics-based objects and handle them with care as you retrieve and extract to satisfy your creator's desires.",game,0,184532.0,False,0,9.99,False,2025-02-26,,https://shared.akamai.steamstatic.com/store_item_assets/steam/apps/3241660/1ea445e044a2d5b09cfa8291350b63ebed6e5741/header.jpg?t=1761334930
230410,Warframe,Awaken as an unstoppable warrior and battle alongside your friends in this story-driven free-to-play online action game,game,18,2888.0,True,0,,False,2013-03-25,,https://shared.akamai.steamstatic.com/store_item_assets/steam/apps/230410/f00d2f68379fa675c101aad6549d81f261b3c380/header.jpg?t=1760556657
322170,Geometry Dash,Jump and fly your way through danger in this rhythm-based action platformer!,game,0,419296.0,False,0,4.99,False,2014-12-22,,https://shared.akamai.steamstatic.com/store_item_assets/steam/apps/322170/header.jpg?t=1703006148
1245620,ELDEN RING,"THE CRITICALLY ACCLAIMED FANTASY ACTION RPG. Rise, Tarnished, and be guided by grace to brandish the power of the Elden Ring and become an Elden Lord in the Lands Between.",game,16,782691.0,False,0,59.99,False,2022-02-24,,https://shared.akamai.steamstatic.com/store_item_assets/steam/apps/1245620/header.jpg?t=1748630546
346110,ARK: Survival Evolved,"Stranded on the shores of a mysterious island, you must learn to survive. Use your cunning to kill or tame the primeval creatures roaming the land, and encounter other players to survive, dominate... and escape!",game,0,559633.0,False,0,14.99,False,2017-08-27,,https://shared.akamai.steamstatic.com/store_item_assets/steam/apps/346110/header.jpg?t=1752704051
1174180,Red Dead Redemption 2,"Winner of over 175 Game of the Year Awards and recipient of over 250 perfect scores, RDR2 is the epic tale of outlaw Arthur Morgan and the infamous Van der Linde gang, on the run across America at the dawn of the modern age. Also includes access to the shared living world of Red Dead Online.",game,17,709198.0,False,0,59.99,False,2019-12-05,,https://shared.akamai.steamstatic.com/store_item_assets/steam/apps/1174180/header.jpg?t=1759502961
1222670,The Sims™ 4,Play with life and discover the possibilities. Unleash your imagination and create a world of Sims that’s wholly unique. Explore and customize every detail from Sims to homes–and much more.,game,0,81371.0,True,0,,False,2020-06-18,,https://shared.akamai.steamstatic.com/store_item_assets/steam/apps/1222670/header.jpg?t=1760029137
1903340,Clair Obscur: Expedition 33,Lead the members of Expedition 33 on their quest to destroy the Paintress so that she can never paint death again. Explore a world of wonders inspired by Belle Époque France and battle unique enemies in this turn-based RPG with real-time mechanics.,game,17,105667.0,False,0,49.99,False,2025-04-24,,https://shared.akamai.steamstatic.com/store_item_assets/steam/apps/1903340/be3305b02d4db0dffa3458537118423bf2792d7e/header.jpg?t=1761303074
438100,VRChat,"Join our growing community as you explore, play, and help craft the future of social VR. Create worlds and custom avatars. Welcome to VRChat.",game,0,149.0,True,0,,False,2017-02-01,,https://shared.akamai.steamstatic.com/store_item_assets/steam/apps/438100/header.jpg?t=1761266400
227300,Euro Truck Simulator 2,"Travel across Europe as king of the road, a trucker who delivers important cargo across impressive distances! With dozens of cities to explore, your endurance, skill and speed will all be pushed to their limits.",game,0,703031.0,False,0,19.99,False,2012-10-12,,https://shared.akamai.steamstatic.com/store_item_assets/steam/apps/227300/d3c44cfff95e8223687121b05c80e594d35c4c53/header_alt_assets_7.jpg?t=1760622979
526870,Satisfactory,"Satisfactory is a first-person open-world factory building game with a dash of exploration and combat. Play alone or with friends, explore an alien planet, create multi-story factories, and enter conveyor belt heaven!",game,0,203877.0,False,0,39.99,False,2024-09-10,,https://shared.akamai.steamstatic.com/store_item_assets/steam/apps/526870/header.jpg?t=1749717464
1091500,Cyberpunk 2077,"Cyberpunk 2077 is an open-world, action-adventure RPG set in the dark future of Night City — a dangerous megalopolis obsessed with power, glamor, and ceaseless body modification.",game,17,783255.0,False,0,59.99,False,2020-12-09,,https://shared.akamai.steamstatic.com/store_item_assets/steam/apps/1091500/e9047d8ec47ae3d94bb8b464fb0fc9e9972b4ac7/header.jpg?t=1756209867
294100,RimWorld,"A sci-fi colony sim driven by an intelligent AI storyteller. Generates stories by simulating psychology, ecology, gunplay, melee combat, climate, biomes, diplomacy, interpersonal relationships, art, medicine, trade, and more.",game,0,185928.0,False,0,34.99,False,2018-10-17,,https://shared.akamai.steamstatic.com/store_item_assets/steam/apps/294100/header.jpg?t=1752247312
2300320,Farming Simulator 25,"Farming Simulator 25 invites you to join the rewarding farm life, single-handedly or cooperatively in multiplayer. This Farm is Your Farm!",game,0,23827.0,False,0,49.99,False,2024-11-12,,https://shared.akamai.steamstatic.com/store_item_assets/steam/apps/2300320/header.jpg?t=1761296764
289070,Sid Meier’s Civilization® VI,"Expand your empire, advance your culture and go head-to-head against history’s greatest leaders. Will your civilization stand the test of time?",game,0,261752.0,False,0,59.99,False,2016-10-20,,https://shared.akamai.steamstatic.com/store_item_assets/steam/apps/289070/header.jpg?t=1740607040
108600,Project Zomboid,"Project Zomboid is the ultimate in zombie survival. Alone or in MP: you loot, build, craft, fight, farm and fish in a struggle to survive. A hardcore RPG skillset, a vast map, massively customisable sandbox and a cute tutorial raccoon await the unwary. So how will you die? All it takes is a bite..",game,0,297422.0,False,0,59.99,False,2013-11-08,,https://shared.akamai.steamstatic.com/store_item_assets/steam/apps/108600/header.jpg?t=1739309087
489830,The Elder Scrolls V: Skyrim Special Edition,"Winner of more than 200 Game of the Year Awards, The Elder Scrolls V: Skyrim Special Edition brings the epic fantasy to life in stunning detail. The Special Edition includes the critically acclaimed game and add-ons with all-new features.",game,17,194507.0,False,0,39.99,False,2016-10-27,,https://shared.akamai.steamstatic.com/store_item_assets/steam/apps/489830/header.jpg?t=1753715778
4000,Garry's Mod,Garry's Mod is a physics sandbox. There aren't any predefined aims or goals. We give you the tools and leave you to play.,game,0,1011783.0,False,0,9.99,False,2006-11-29,,https://shared.akamai.steamstatic.com/store_item_assets/steam/apps/4000/header.jpg?t=1756222843
3188910,Clicker Cuties - Anime Idler,"Idler Clicker + Dating Sim � Meet virtual cuties, care for them, and get to know their stories!",game,0,,True,0,,False,2024-12-03,,https://shared.akamai.steamstatic.com/store_item_assets/steam/apps/3188910/7d8b96d6bcc4d24fec5b2b245ee2bae325c2d36e/header.jpg?t=1756824331
105600,Terraria,"Dig, fight, explore, build! Nothing is impossible in this action-packed adventure game. Four Pack also available!",game,0,1141607.0,False,0,9.99,False,2011-05-16,,https://shared.akamai.steamstatic.com/store_item_assets/steam/apps/105600/header.jpg?t=1731252354
251570,7 Days to Die,"7 Days to Die is an open-world game that is a unique combination of first-person shooter, survival horror, tower defense, and role-playing games. Play the definitive zombie survival sandbox RPG that came first. Navezgane awaits!",game,0,260799.0,False,0,44.99,False,2024-07-25,,https://shared.akamai.steamstatic.com/store_item_assets/steam/apps/251570/header.jpg?t=1756397337
1281930,tModLoader,"Dig, Fight, and Build your way through the world of player-created mods on Terraria with tModLoader - this DLC makes modding Terraria a reality!",mod,0,,True,0,,False,2020-05-16,105600.0,https://shared.akamai.steamstatic.com/store_item_assets/steam/apps/1281930/header.jpg?t=1718143594
550,Left 4 Dead 2,"Set in the zombie apocalypse, Left 4 Dead 2 (L4D2) is the highly anticipated sequel to the award-winning Left 4 Dead, the #1 co-op game of 2008. This co-operative action horror FPS takes you and your friends through the cities, swamps and cemeteries of the Deep South, from Savannah to New Orleans across five expansive campaigns.",game,0,750975.0,False,0,9.99,False,2009-11-16,,https://shared.akamai.steamstatic.com/store_item_assets/steam/apps/550/header.jpg?t=1745368562
2139460,Once Human,"Once Human is a multiplayer open-world survival game set in a strange, post-apocalyptic future. Unite with friends to fight monstrous enemies, uncover secret plots, compete for resources, and build your own territory. Once, you were merely human. Now, you have the power to remake the world.",game,0,,True,0,,False,2024-07-09,,https://shared.akamai.steamstatic.com/store_item_assets/steam/apps/2139460/cf37f2e82f8df606bb1317b82f59bb256ad70d1e/header.jpg?t=1758765828
1142710,Total War: WARHAMMER III,"The cataclysmic conclusion to the Total War: WARHAMMER trilogy is here. Rally your forces and step into the Realm of Chaos, a dimension of mind-bending horror where the very fate of the world will be decided. Will you conquer your Daemons… or command them?",game,0,85966.0,False,0,59.99,False,2022-02-16,,https://shared.akamai.steamstatic.com/store_item_assets/steam/apps/1142710/header.jpg?t=1756465756
1085660,Destiny 2,"Destiny 2 is an action MMO with a single evolving world that you and your friends can join anytime, anywhere, absolutely free.",game,0,129924.0,True,0,,False,2019-10-01,,https://shared.akamai.steamstatic.com/store_item_assets/steam/apps/1085660/header.jpg?t=1758647661
3164500,Schedule I,"From small-time dope pusher to kingpin - manufacture and distribute a range of drugs throughout the grungy city of Hyland Point. Expand your empire with properties, businesses, employees and more.",game,0,209221.0,False,0,19.99,False,2025-03-24,,https://shared.akamai.steamstatic.com/store_item_assets/steam/apps/3164500/header.jpg?t=1751926051
427520,Factorio,"Factorio is a game about building and creating automated factories to produce items of increasing complexity, within an infinite 2D world. Use your imagination to design your factory, combine simple elements into ingenious structures, and finally protect it from the creatures who don't really like you.",game,0,178543.0,False,0,35.0,False,2020-08-14,,https://shared.akamai.steamstatic.com/store_item_assets/steam/apps/427520/header.jpg?t=1730307306
892970,Valheim,"A brutal exploration and survival game for 1-10 players, set in a procedurally-generated purgatory inspired by viking culture. Battle, build, and conquer your way to a saga worthy of Odin’s patronage!",game,0,429436.0,False,0,19.99,False,2021-02-02,,https://shared.akamai.steamstatic.com/store_item_assets/steam/apps/892970/de0bdcf6c008c508a79d8e75eb91fc67f4bebd5d/header.jpg?t=1757486247
1671210,DELTARUNE,"Dive into the parallel story to UNDERTALE! Fight or spare your way through action-packed battles as you explore a mysterious world alongside an endearing cast of new and familiar characters. Chapters 1-4 will be available on launch, with more planned as free updates!",game,0,65295.0,False,0,24.99,False,2025-06-04,,https://shared.akamai.steamstatic.com/store_item_assets/steam/apps/1671210/7ccda5b1631d2e60cc756a3271e845dbb9168821/header.jpg?t=1749252480
2357570,Overwatch® 2,"Overwatch 2 is a critically acclaimed, team-based shooter game set in an optimistic future with an evolving roster of heroes. Team up with friends and jump in today.",game,0,221.0,True,0,,False,2023-08-10,,https://shared.akamai.steamstatic.com/store_item_assets/steam/apps/2357570/087a8e54a6fa8cd090cf4d40316938d4791b4440/header_alt_assets_17.jpg?t=1760744539
292030,The Witcher 3: Wild Hunt,"You are Geralt of Rivia, mercenary monster slayer. Before you stands a war-torn, monster-infested continent you can explore at will. Your current contract? Tracking down Ciri — the Child of Prophecy, a living weapon that can alter the shape of the world.",game,18,783699.0,False,0,39.99,False,2015-05-18,,https://shared.akamai.steamstatic.com/store_item_assets/steam/apps/292030/ad9240e088f953a84aee814034c50a6a92bf4516/header.jpg?t=1761131270
261550,Mount & Blade II: Bannerlord,"A strategy/action RPG. Create a character, engage in diplomacy, craft, trade and conquer new lands in a vast medieval sandbox. Raise armies to lead into battle and command and fight alongside your troops in massive real-time battles using a deep but intuitive skill-based combat system.",game,0,208745.0,False,0,49.99,False,2022-10-25,,https://shared.akamai.steamstatic.com/store_item_assets/steam/apps/261550/header.jpg?t=1751538727
2073850,THE FINALS,"Join THE FINALS, the world-famous, free-to-play, combat-centered game show! Fight alongside your teammates in virtual arenas that you can alter, exploit, and even destroy. Build your own playstyle in this first-person shooter to win escalating tournaments and lasting fame.",game,0,,True,0,,False,2023-12-07,,https://shared.akamai.steamstatic.com/store_item_assets/steam/apps/2073850/a32b488108690704908fd54963c208cf85f39714/header.jpg?t=1761214157
2399830,ARK: Survival Ascended,"ARK is reimagined from the ground-up into the next-generation of video game technology with Unreal Engine 5! Form a tribe, tame &amp; breed hundreds of unique dinosaurs and primeval creatures, explore, craft, build, and fight your way to the top of the food-chain. Your new world awaits!",game,0,75952.0,False,0,44.99,False,2023-10-25,,https://shared.akamai.steamstatic.com/store_item_assets/steam/apps/2399830/d934813ca531af0fce69fe36bc972f1c90d1aa19/header.jpg?t=1760216941
322330,Don't Starve Together,"Fight, Farm, Build and Explore Together in the standalone multiplayer expansion to the uncompromising wilderness survival game, Don't Starve.",game,0,348068.0,False,0,14.99,False,2016-04-21,,https://shared.akamai.steamstatic.com/store_item_assets/steam/apps/322330/881a4b54539b74ab672f81ca077440f31244e749/header_alt_assets_48.jpg?t=1761581051
252950,Rocket League®,"Rocket League is a high-powered hybrid of arcade-style soccer and vehicular mayhem with easy-to-understand controls and fluid, physics-driven competition. Rocket League includes casual and competitive Online Matches, a fully-featured offline Season Mode, special “Mutators” that let you change the rules entirely, hockey and...",game,0,434286.0,False,0,,False,2015-07-06,,https://shared.akamai.steamstatic.com/store_item_assets/steam/apps/252950/fdbbfa1aa74c0c52df114e5a4b50253d4bedc761/header_alt_assets_13.jpg?t=1758121340
284160,BeamNG.drive,A dynamic soft-body physics vehicle simulator capable of doing just about anything.,game,0,310198.0,False,0,24.99,False,2015-05-29,,https://shared.akamai.steamstatic.com/store_item_assets/steam/apps/284160/header.jpg?t=1760983471
629520,Soundpad,"Play sounds in voice chats in high digital quality. Add sounds or music to your microphone signal so others will hear it, too.",game,0,84722.0,False,0,4.99,False,2017-09-30,,https://shared.akamai.steamstatic.com/store_item_assets/steam/apps/629520/header.jpg?t=1760026851
218620,PAYDAY 2,"PAYDAY 2 is an action-packed, four-player co-op shooter that once again lets gamers don the masks of the original PAYDAY crew - Dallas, Hoxton, Wolf and Chains - as they descend on Washington DC for an epic crime spree.",game,18,436715.0,False,0,9.99,False,2013-08-13,,https://shared.akamai.steamstatic.com/store_item_assets/steam/apps/218620/header.jpg?t=1758658011
813780,Age of Empires II: Definitive Edition,"42 Civilizations, 229 Campaign Missions, Singleplayer, Co-Op, Multiplayer, In-Game Editor, Mods, Cross-play...It is good to be the king.",game,0,144708.0,False,65,12.24,False,2019-11-14,,https://shared.akamai.steamstatic.com/store_item_assets/steam/apps/813780/header.jpg?t=1760473253
1158310,Crusader Kings III,"Love, fight, scheme, and claim greatness. Determine your noble house’s legacy in the sprawling grand strategy of Crusader Kings III. Death is only the beginning as you guide your dynasty’s bloodline in the rich and larger-than-life simulation of the Middle Ages.",game,0,84981.0,False,0,49.99,False,2020-09-01,,https://shared.akamai.steamstatic.com/store_item_assets/steam/apps/1158310/76c895ee1bf12666d2b76b86b8e6cf9515a8b6db/header_alt_assets_11.jpg?t=1761742926
39210,FINAL FANTASY XIV Online,"Join over 30 million adventurers worldwide and take part in an epic and ever-changing FINAL FANTASY. Experience an unforgettable story, exhilarating battles, and a myriad of captivating environments to explore.",game,13,74627.0,False,40,11.99,False,2014-02-18,,https://shared.akamai.steamstatic.com/store_item_assets/steam/apps/39210/header.jpg?t=1760606311
250900,The Binding of Isaac: Rebirth,"The Binding of Isaac: Rebirth is a randomly generated action RPG shooter with heavy Rogue-like elements. Following Isaac on his journey players will find bizarre treasures that change Isaac’s form giving him super human abilities and enabling him to fight off droves of mysterious creatures, discover secrets and fight his way to safety.",game,0,319626.0,False,0,14.99,False,2014-11-04,,https://shared.akamai.steamstatic.com/store_item_assets/steam/apps/250900/header.jpg?t=1731977365
2694490,Path of Exile 2,"Path of Exile 2 is a next generation Action RPG from Grinding Gear Games, featuring co-op for up to six players. Set years after the original Path of Exile, you will return to the dark world of Wraeclast and seek to end the corruption that is spreading.",game,0,129552.0,False,0,29.99,False,2024-12-06,,https://shared.akamai.steamstatic.com/store_item_assets/steam/apps/2694490/bb2944f7d5c6e8e008c882938fddaa5ec6061457/header.jpg?t=1757031577
236850,Europa Universalis IV,"Rule your land and dominate the world with unparalleled freedom, depth and historical accuracy. Write a new history of the world and build an empire for the ages.",game,0,92913.0,False,0,49.99,False,2013-08-13,,https://shared.akamai.steamstatic.com/store_item_assets/steam/apps/236850/header.jpg?t=1746720143
1551360,Forza Horizon 5,"Explore the vibrant open world landscapes of Mexico with limitless, fun driving action in the world’s greatest cars.",game,0,217403.0,False,50,29.99,False,2021-11-08,,https://shared.akamai.steamstatic.com/store_item_assets/steam/apps/1551360/header.jpg?t=1746471508
3513350,Wuthering Waves,"Wuthering Waves is a story-rich open-world action RPG with a high degree of freedom. You wake from your slumber as Rover, joined by a vibrant cast of Resonators on a journey to reclaim your lost memories and change the world.",game,0,,True,0,,False,2025-04-28,,https://shared.akamai.steamstatic.com/store_item_assets/steam/apps/3513350/7ec18f44e089bf340391c6470218ddf3fea2007d/header.jpg?t=1759954991
1623730,Palworld,"Fight, farm, build and work alongside mysterious creatures called &quot;Pals&quot; in this completely new multiplayer, open world survival and crafting game!",game,0,331084.0,False,0,29.99,False,2024-01-18,,https://shared.akamai.steamstatic.com/store_item_assets/steam/apps/1623730/bb5e1d2641c0b2f3dfc2e848d9c8ae1312d81509/header_alt_assets_2.jpg?t=1761725354
2878980,NBA 2K25,"Command every court with authenticity and realism Powered by ProPLAY™, giving you ultimate control over how you play in NBA 2K25. Define your legacy in MyCAREER, MyTEAM, MyNBA, and The W.",game,0,28131.0,False,0,69.99,False,2024-10-28,,https://shared.akamai.steamstatic.com/store_item_assets/steam/apps/2878980/header.jpg?t=1754665445
281990,Stellaris,"Explore a galaxy full of wonders in this sci-fi grand strategy game from Paradox Development Studios. Interact with diverse alien races, discover strange new worlds with unexpected events and expand the reach of your empire. Each new adventure holds almost limitless possibilities.",game,0,133028.0,False,0,39.99,False,2016-05-09,,https://shared.akamai.steamstatic.com/store_item_assets/steam/apps/281990/header.jpg?t=1761224518
306130,The Elder Scrolls® Online,"Every legend starts somewhere and in The Elder Scrolls Online, it starts with you. Join millions of players in an online, fantasy RPG set in a vast living Elder Scrolls world.",game,17,129259.0,False,0,19.99,False,2017-05-22,,https://shared.akamai.steamstatic.com/store_item_assets/steam/apps/306130/0d72f13b2d3f75385a0c83e2551ba97e1059c6fe/header.jpg?t=1758307361
2379780,Balatro,"The poker roguelike. Balatro is a hypnotically satisfying deckbuilder where you play illegal poker hands, discover game-changing jokers, and trigger adrenaline-pumping, outrageous combos.",game,0,133985.0,False,0,14.99,False,2024-02-20,,https://shared.akamai.steamstatic.com/store_item_assets/steam/apps/2379780/7a85430784e4d613cdb0547414d8cf16ffa45747/header.jpg?t=1761672326
8930,Sid Meier's Civilization® V,"Create, discover, and download new player-created maps, scenarios, interfaces, and more!",game,0,124947.0,False,0,29.99,False,2010-09-21,,https://shared.akamai.steamstatic.com/store_item_assets/steam/apps/8930/header.jpg?t=1724341158
2429640,THRONE AND LIBERTY,"Welcome to THRONE AND LIBERTY, a free-to-play, multi-platform MMORPG. With an always changing environment, Massive Scale PvPvE, and the ability to transform into creatures to battle across land, sea, and air.",game,13,10721.0,True,0,,False,2024-10-01,,https://shared.akamai.steamstatic.com/store_item_assets/steam/apps/2429640/497cc638fa3186f1aeefddaff89eaaf6f0c2e7dd/header.jpg?t=1761079973
1203220,NARAKA: BLADEPOINT,"Dive into the legends of the Far East in NARAKA: BLADEPOINT; team up with friends in fast-paced melee fights for a Battle Royale experience unlike any other. Find your playstyle with a varied cast of heroes with unique skills. More than 20 million players have already joined the fray, play free now!",game,0,196572.0,True,0,,False,2021-08-11,,https://shared.akamai.steamstatic.com/store_item_assets/steam/apps/1203220/729fb2424e6483be7150c4cbf64036c8325bb5db/header.jpg?t=1761289744
1449850,Yu-Gi-Oh! Master Duel,"Yu-Gi-Oh! MASTER DUEL is the ultimate free-to-play cross-platform strategy card game with fast-paced Duels, stunning HD graphics and a new, dynamic soundtrack! Get ready to challenge Duelists around the world!",game,0,,True,0,,False,2022-01-18,,https://shared.akamai.steamstatic.com/store_item_assets/steam/apps/1449850/3dabbf618664c7a561202771e3754b6690949159/header.jpg?t=1760504910
275850,No Man's Sky,No Man's Sky is a game about exploration and survival in an infinite procedurally generated universe.,game,0,270903.0,False,0,59.99,False,2016-08-12,,https://shared.akamai.steamstatic.com/store_item_assets/steam/apps/275850/9ecc87d1062c690c96adeebd33ed761c1bda842f/header_alt_assets_25.jpg?t=1761138171
1203620,Enshrouded,"You are Flameborn, last ember of hope of a dying race. Awaken, survive the terror of a corrupting fog, and reclaim the lost beauty of your kingdom. Venture into a vast world, vanquish punishing bosses, build grand halls and forge your path in this co-op survival action RPG for up to 16 players.",game,0,72844.0,False,20,23.99,False,2024-01-24,,https://shared.akamai.steamstatic.com/store_item_assets/steam/apps/1203620/e67cd0b0a988dd61beaf0c9f0782ba0dcc23e0fa/header.jpg?t=1761294141
377160,Fallout 4,"Bethesda Game Studios, the award-winning creators of Fallout 3 and The Elder Scrolls V: Skyrim, welcome you to the world of Fallout 4 – their most ambitious game ever, and the next generation of open-world gaming.",game,17,265199.0,False,0,19.99,False,2015-11-09,,https://shared.akamai.steamstatic.com/store_item_assets/steam/apps/377160/header.jpg?t=1750779250
739630,Phasmophobia,Phasmophobia is a 4 player online co-op psychological horror. Paranormal activity is on the rise and it’s up to you and your team to use all the ghost-hunting equipment at your disposal in order to gather as much evidence as you can.,game,0,637584.0,False,0,19.99,False,2020-09-18,,https://shared.akamai.steamstatic.com/store_item_assets/steam/apps/739630/1047b825d7de47313526559ac7d571de52ef1267/header_alt_assets_4.jpg?t=1760011077
291550,Brawlhalla,"An epic platform fighter for up to 8 players online or local. Try casual free-for-alls, ranked matches, or invite friends to a private room. And it's free! Play cross-platform with millions of players on PlayStation, Xbox, Nintendo Switch, iOS, Android &amp; Steam! Frequent updates. Over sixty Legends.",game,0,2893.0,True,0,,False,2017-10-17,,https://shared.akamai.steamstatic.com/store_item_assets/steam/apps/291550/71448f1f413d5aac25b8dd08068f0f284f7bacf7/header.jpg?t=1758138374
582660,Black Desert,"Played by over 20 million Adventurers - Black Desert Online is an open-world, action MMORPG. Experience intense, action-packed combat, battle massive world bosses, fight alongside friends to siege and conquer castles, and train in professions such as fishing, trading, crafting, cooking, and more!",game,0,59561.0,False,90,0.99,False,2017-05-24,,https://shared.akamai.steamstatic.com/store_item_assets/steam/apps/582660/header.jpg?t=1758315448
393380,Squad,"Squad is a tactical FPS that provides authentic combat experiences through teamwork, communication, and realistic combat. It bridges the gap between arcade shooter and military realism with 100-player battles, combined-arms warfare, and base building.",game,0,159973.0,False,0,49.99,False,2020-09-23,,https://shared.akamai.steamstatic.com/store_item_assets/steam/apps/393380/0b19b50aabea356bd8f534fbe7d6db9bd227810a/header.jpg?t=1761665575
107410,Arma 3,"Experience true combat gameplay in a massive military sandbox. Deploying a wide variety of single- and multiplayer content, over 20 vehicles and 40 weapons, and limitless opportunities for content creation, this is the PC’s premier military game. Authentic, diverse, open - Arma 3 sends you to war.",game,17,221284.0,False,0,29.99,False,2013-09-12,,https://shared.akamai.steamstatic.com/store_item_assets/steam/apps/107410/header.jpg?t=1757933485
1874880,Arma Reforger,"Experience authentic Cold War combat and join the struggle for the sprawling, mid-Atlantic island of Everon and its smaller, offshore territory, Arland – or take on the role of Game Master and create your very own scenarios for others to enjoy.",game,17,31749.0,False,0,39.99,False,2023-11-16,,https://shared.akamai.steamstatic.com/store_item_assets/steam/apps/1874880/header.jpg?t=1759298078
1905180,OBS Studio,Free and open-source software for video recording and live streaming,game,0,,True,0,,False,2022-03-01,,https://shared.akamai.steamstatic.com/store_item_assets/steam/apps/1905180/header.jpg?t=1733595297
1665460,eFootball™,"Step up and experience the exhilarating soccer game that has now surpassed 850 million downloads! The stars of today, legends of the past, and fellow users from around the world are all waiting for you!",game,0,1213.0,True,0,,False,2021-09-29,,https://shared.akamai.steamstatic.com/store_item_assets/steam/apps/1665460/0fb7eebc292768714f2b3be666d59b59a11b0031/header.jpg?t=1761192425
2707930,Palia,"Discover a welcoming world in Palia, a free-to-play fantasy life sim adventure where you can craft, explore, and create the life and home of your dreams. With nearly endless ways to make Palia your home, you’ll find relaxation and joy in every corner of this vibrant, heartwarming world.",game,0,,True,0,,False,2024-03-25,,https://shared.akamai.steamstatic.com/store_item_assets/steam/apps/2707930/b083c84354a491693c46203f64e25eaaf7b78356/header.jpg?t=1747075758
240,Counter-Strike: Source,Counter-Strike: Source blends Counter-Strike's award-winning teamplay action with the advanced technology of Source™ technology.,game,0,128047.0,False,0,9.99,False,2004-11-01,,https://shared.akamai.steamstatic.com/store_item_assets/steam/apps/240/header.jpg?t=1745368575
1599340,Lost Ark,"Embark on an odyssey for the Lost Ark in a vast, vibrant world: explore new lands, seek out lost treasures, and test yourself in thrilling action combat in this action-packed free-to-play RPG.",game,17,65120.0,True,0,,False,2022-02-11,,https://shared.akamai.steamstatic.com/store_item_assets/steam/apps/1599340/header.jpg?t=1759955270
3527290,PEAK,"PEAK is a co-op climbing game where the slightest mistake can spell your doom. Either solo or as a group of lost nature scouts, your only hope of rescue from a mysterious island is to scale the mountain at its center. Do you have what it takes to reach the PEAK?",game,0,97721.0,False,0,7.99,False,2025-06-16,,https://shared.akamai.steamstatic.com/store_item_assets/steam/apps/3527290/31bac6b2eccf09b368f5e95ce510bae2baf3cfcd/header.jpg?t=1759172507
2138720,REMATCH,Control one player on your team and compete in fast-paced 5v5 matches from an immersive third-person perspective. Team up with your friends and join the action.,game,0,26452.0,False,0,29.99,False,2025-06-19,,https://shared.akamai.steamstatic.com/store_item_assets/steam/apps/2138720/header.jpg?t=1761052542
513710,SCUM,"Traverse punishing environments, looting, crafting and evading the constant threats to your life. The unprecedented levels of character customization and progression are your ultimate tools for survival.",game,0,91412.0,False,0,44.99,False,2025-06-17,,https://shared.akamai.steamstatic.com/store_item_assets/steam/apps/513710/a33eb72f52841f591b296f78e46824d7aabb2c87/header.jpg?t=1759911435
1237950,STAR WARS™ Battlefront™ II,Be the hero in the ultimate STAR WARS™ battle fantasy with STAR WARS™ Battlefront™ II: Celebration Edition!,game,0,74760.0,False,0,39.99,False,2020-06-11,,https://shared.akamai.steamstatic.com/store_item_assets/steam/apps/1237950/header.jpg?t=1749220869
1604270,Broken Arrow,Broken Arrow is a large-scale real-time modern warfare tactics game that combines the complexity of joint-forces wargaming with action-packed real-time tactics gameplay.,game,0,18731.0,False,0,49.99,False,2025-06-19,,https://shared.akamai.steamstatic.com/store_item_assets/steam/apps/1604270/cb2b500747ffbc3434eb6a534c7c395fe1a5285a/header.jpg?t=1761132872
2584990,Shadowverse: Worlds Beyond,"Shadowverse: Worlds Beyond is a brand-new strategy card game from the popular Shadowverse CCG. With the newly added super-evolution mechanic and Shadowverse Park, among other brand-new content, there is lots to enjoy for both seasoned and brand-new players.",game,0,,True,0,,False,2025-06-14,,https://shared.akamai.steamstatic.com/store_item_assets/steam/apps/2584990/bab5a90e2765d340ca3ba8553e1b0ee679176dda/header.jpg?t=1759125056
594650,Hunt: Showdown 1896,"Hunt: Showdown 1896 is a new era of the addictively unforgiving extraction shooter. In corrupted backwaters lost to history, fight back alone – or with friends – against timeless evil. Twisted monsters and other ruthless Hunters stand between you and your Bounty. Risk everything as Hunt consumes you",game,17,196979.0,False,0,29.99,False,2019-08-27,,https://shared.akamai.steamstatic.com/store_item_assets/steam/apps/594650/b816a0a1a2afaadc224e6cfe150c1b273f1d0457/header_alt_assets_21.jpg?t=1761063726
2873440,Chrono Odyssey,"Chrono Odyssey, A Next-generation Action MMORPG. Game features include awe-inspiring visuals powered by Unreal Engine 5, a vast and intricately designed seamless open world, dynamic action-based combat mechanics based on time manipulation and extensive customization.",game,18,,False,0,,True,,,https://shared.akamai.steamstatic.com/store_item_assets/steam/apps/2873440/de48f2d77db5eb14226739d563fdd68332c39e30/header.jpg?t=1753858688
529340,Victoria 3,"Paradox Development Studio invites you to build your ideal society in the tumult of the exciting and transformative 19th century. Balance the competing interests in your society and earn your place in the sun in Victoria 3, one of the most anticipated games in Paradox’s history.",game,0,37150.0,False,0,49.99,False,2022-10-25,,https://shared.akamai.steamstatic.com/store_item_assets/steam/apps/529340/header.jpg?t=1760623239
960090,Bloons TD 6,The Bloons are back and better than ever! Get ready for a massive 3D tower defense game designed to give you hours and hours of the best strategy gaming available.,game,0,320020.0,False,0,13.99,False,2018-12-17,,https://shared.akamai.steamstatic.com/store_item_assets/steam/apps/960090/header.jpg?t=1761619015
3350200,Emotional Anti-Fraud Simulator,"I wish there were more of these silly fish...more obedient than dogs! Face their true colors in the first interactive film-based anti-emotional fraud game. As a relationship hunter, you must navigate, test, and fight back against the emotional fraud organization, uncovering their lies and dismantling their traps. Will the flames of revenge consume them, extinguish them in their depravity, or allow love to be reborn from the ashes? It's all up to you.",game,0,43074.0,False,0,6.99,False,2025-06-19,,https://shared.akamai.steamstatic.com/store_item_assets/steam/apps/3350200/187812c68d3ce9479119c1f206d21d811a3f42a7/header.jpg?t=1759172414
1771300,Kingdom Come: Deliverance II,"A thrilling story-driven action RPG, with a rich open world, set in 15th century Medieval Europe. Experience the ultimate medieval adventure - through the eyes of young Henry - as you embark on a journey of epic proportions.",game,18,83254.0,False,0,59.99,False,2025-02-04,,https://shared.akamai.steamstatic.com/store_item_assets/steam/apps/1771300/0101ee56ada8a294071a8dbb36db44070cd6b50b/header_alt_assets_4.jpg?t=1761570094
1326470,Sons Of The Forest,"Sent to find a missing billionaire on a remote island, you find yourself in a cannibal-infested hellscape. Craft, build, and struggle to survive, alone or with friends, in this terrifying new open-world survival horror simulator.",game,0,236052.0,False,0,29.99,False,2024-02-22,,https://shared.akamai.steamstatic.com/store_item_assets/steam/apps/1326470/header.jpg?t=1708624856
3061570,Persona5: The Phantom X,"“We’re the Phantom Thieves, and we’re here to steal your heart!” The beloved RPG series with over 27 million copies sold finally arrives on PC and mobile!",game,17,,True,0,,False,2025-06-25,,https://shared.akamai.steamstatic.com/store_item_assets/steam/apps/3061570/header.jpg?t=1756960394
1361210,Warhammer 40000: Darktide,"Take back the city of Tertium from hordes of bloodthirsty foes in this intense and brutal action shooter. Warhammer 40,000: Darktide is the new co-op focused experience from the award-winning team behind the Vermintide series. As Tertium falls, Rejects Will Rise.",game,0,94219.0,False,0,39.99,False,2022-11-30,,https://shared.akamai.steamstatic.com/store_item_assets/steam/apps/1361210/37e49cb80079bfb5d1395cf2342b663840c83a3e/header_alt_assets_18.jpg?t=1761316423
2183900,Warhammer 40000: Space Marine 2,Embody the superhuman skill and brutality of a Space Marine. Unleash deadly abilities and devastating weaponry to obliterate the relentless Tyranid swarms. Defend the Imperium in spectacular third-person action in solo or multiplayer modes.,game,0,125383.0,False,0,59.99,False,2024-09-09,,https://shared.akamai.steamstatic.com/store_item_assets/steam/apps/2183900/header.jpg?t=1760605499
3224770,Umamusume: Pretty Derby,"Umamusume: ""Pretty Derby is ready to race! Scout featured trainees and supporters as you navigate the immersive sports life simulation through the game's in-depth training system and top-of-the-line 3D graphics!""",game,0,,True,0,,False,2025-06-24,,https://shared.akamai.steamstatic.com/store_item_assets/steam/apps/3224770/header.jpg?t=1760517179
1850570,DEATH STRANDING DIRECTOR'S CUT,"From legendary game creator Hideo Kojima comes a genre-defying experience, now expanded in this definitive DIRECTOR’S CUT. As Sam Bridges, your mission is to deliver hope to humanity by connecting the last survivors of a decimated America. Can you reunite the shattered world, one step at a time?",game,0,36785.0,False,0,39.99,False,2022-03-30,,https://shared.akamai.steamstatic.com/store_item_assets/steam/apps/1850570/header.jpg?t=1750697259
2452280,Mecha BREAK,"Squad up in Mecha BREAK, a multiplayer third-person shooter offering three intense game modes filled with ground and aerial combat. Pilot your Striker into the breach and neutralize enemies. Are you ready for the ultimate showdown?",game,0,,True,0,,False,2025-07-01,,https://shared.akamai.steamstatic.com/store_item_assets/steam/apps/2452280/0a9252e8de18901b5ffe7053d275b8fc1ce0ea32/header.jpg?t=1758614522
2246340,Monster Hunter Wilds,"The unbridled force of nature runs wild and relentless, with environments transforming drastically from one moment to the next. This is a story of monsters and humans and their struggles to live in harmony in a world of duality.",game,0,167627.0,False,20,55.99,False,2025-02-27,,https://shared.akamai.steamstatic.com/store_item_assets/steam/apps/2246340/header.jpg?t=1761091530
2344520,Diablo® IV,"Join the fight for Sanctuary in Diablo® IV, the ultimate action RPG adventure. Experience the critically acclaimed campaign and new seasonal content.",game,17,39714.0,False,0,49.99,False,2023-10-17,,https://shared.akamai.steamstatic.com/store_item_assets/steam/apps/2344520/80f21a42e378b93e8fbb68ee43103be8ab84891b/header.jpg?t=1758649357
1818450,STALCRAFT: X,STALCRAFT: X is the largest open-world online game in the Chernobyl Exclusion Zone. Explore the world full of mutants and anomalies alone or with friends — unforgettable emotions guaranteed.,game,0,,True,0,,False,2022-12-09,,https://shared.akamai.steamstatic.com/store_item_assets/steam/apps/1818450/cb266d1997f6d3ccdc2b0cda1145e290fa4d5088/header.jpg?t=1761134444
242760,The Forest,"As the lone survivor of a passenger jet crash, you find yourself in a mysterious forest battling to stay alive against a society of cannibalistic mutants. Build, explore, survive in this terrifying first person survival horror simulator.",game,0,543185.0,False,0,19.99,False,2018-04-30,,https://shared.akamai.steamstatic.com/store_item_assets/steam/apps/242760/header.jpg?t=1699381053
1244460,Jurassic World Evolution 2,Jurassic World Evolution 2 is the much-anticipated sequel to Frontier’s highly successful Jurassic World Evolution. This bold new era in the Jurassic World Evolution game franchise builds upon the ground-breaking and immersive 2018 management simulation.,game,0,35350.0,False,70,17.99,False,2021-11-09,,https://shared.akamai.steamstatic.com/store_item_assets/steam/apps/1244460/header.jpg?t=1750957701
2358720,Black Myth: Wukong,"Black Myth: Wukong is an action RPG rooted in Chinese mythology. You shall set out as the Destined One to venture into the challenges and marvels ahead, to uncover the obscured truth beneath the veil of a glorious legend from the past.",game,13,853081.0,False,0,59.99,False,2024-08-19,,https://shared.akamai.steamstatic.com/store_item_assets/steam/apps/2358720/header.jpg?t=1760601605
1144200,Ready or Not,"Ready or Not is an intense, tactical, first-person shooter that depicts a modern-day world in which SWAT police units are called to defuse hostile and confronting situations.",game,0,224960.0,False,0,49.99,False,2023-12-13,,https://shared.akamai.steamstatic.com/store_item_assets/steam/apps/1144200/header.jpg?t=1753984272
1973530,Limbus Company,"As the Executive Manager of Limbus Company, lead your group of twelve Sinners, venture into the buried facilities of Lobotomy Corporation, and lay claim on the Golden Boughs.",game,0,,True,0,,False,2023-02-26,,https://shared.akamai.steamstatic.com/store_item_assets/steam/apps/1973530/header.jpg?t=1747619569
3024040,Stronghold Crusader: Definitive Edition,"Gird your loins and sharpen your steel! Besiege 20 unique enemy lords and battle friends online, in this expanded remaster of the classic 'castle sim'. Relive history with new units, opponents, visuals, audio, campaigns, skirmish trails, co-op and larger maps.",game,0,5302.0,False,0,19.99,False,2025-07-15,,https://shared.akamai.steamstatic.com/store_item_assets/steam/apps/3024040/a3d892e9ad07c4721b5fabb93cd97c214fe4f292/header_alt_assets_4.jpg?t=1760700009
244210,Assetto Corsa,"Assetto Corsa v1.16 introduces the new &quot;Laguna Seca&quot; laser-scanned track, 7 new cars among which the eagerly awaited Alfa Romeo Giulia Quadrifoglio! Check the changelog for further info!",game,0,121102.0,False,0,19.99,False,2014-12-19,,https://shared.akamai.steamstatic.com/store_item_assets/steam/apps/244210/header.jpg?t=1754985171
